unroll, compile_time, execution_time
1,1.1272435188293457,568.3588063716888
2,1.124863624572754,567.408816576004
5,1.1285078525543213,564.3625404834747
8,1.1238229274749756,560.0474922657013
10,1.0714139938354492,546.0438940525055
15,1.035750150680542,547.4911553859711
20,1.3679654598236084,544.1953189373016
30,1.0708212852478027,548.338841676712
40,1.0746369361877441,555.3743350505829
50,1.079986333847046,545.1781895160675
100,1.0756480693817139,546.5326750278473