unroll, compile_time, execution_time
1,0.9522826671600342,562.7968051433563
2,0.9777472019195557,562.4310894012451
5,0.932720422744751,551.4343738555908
8,0.9297370910644531,547.3824439048767
10,0.9459397792816162,549.653954744339
15,0.9384903907775879,543.2464377880096
20,0.9768900871276855,550.0413105487823
30,1.258453130722046,550.0171566009521
40,0.9459049701690674,549.0133111476898
50,0.9408175945281982,546.8085162639618
100,0.9342963695526123,545.5007967948914