unroll,compile_time,execute_time
1,3.1831812858581543,871.9607093334198
2,3.9317548274993896,757.1741683483124
5,5.80512809753418,712.6146125793457
8,8.220531463623047,700.3096840381622
10,10.168506145477295,693.4122071266174
15,19.00971746444702,741.2848806381226
20,17.796202898025513,687.2383506298065
30,44.386855363845825,726.601530790329
40,39.134058475494385,679.1764426231384
50,53.06973314285278,678.1893818378448
60,83.3721387386322,781.3009231090546
70,132.00294041633606,952.5135080814362
80,109.94343948364258,710.7268831729889
90,160.3355405330658,756.416166305542
100,155.78995847702026,709.2538685798645