unroll,compile_time,execute_time
1,2.6307990550994873,676.0691480636597
2,3.267509698867798,604.381343126297
5,4.69546103477478,565.7884016036987
8,6.390160322189331,557.2915675640106
10,7.55957293510437,553.933355808258
15,14.831053256988525,601.321839094162
20,15.213261604309082,554.3295435905457
30,41.00801491737366,592.2401611804962
40,30.055601596832275,549.2120265960693
50,41.15185594558716,548.6193704605103
60,68.79671788215637,648.0428223609924
70,110.71167922019958,960.7573029994965
80,92.7857973575592,591.296110868454
90,122.18492102622986,632.5917892456055
100,127.54430794715881,590.3851301670074
